/*
 Navicat Premium Data Transfer

 Source Server         : 阿里云mysql
 Source Server Type    : MySQL
 Source Server Version : 80016
 Source Host           : 115.29.205.214:3306
 Source Schema         : blog

 Target Server Type    : MySQL
 Target Server Version : 80016
 File Encoding         : 65001

 Date: 13/04/2021 17:26:40
*/

SET NAMES utf8mb4;
SET FOREIGN_KEY_CHECKS = 0;

-- ----------------------------
-- Table structure for b_blog
-- ----------------------------
DROP TABLE IF EXISTS `b_blog`;
CREATE TABLE `b_blog`  (
  `blog_guid` varchar(32) CHARACTER SET utf8 COLLATE utf8_general_ci NOT NULL COMMENT '主键',
  `blog_title` varchar(128) CHARACTER SET utf8 COLLATE utf8_general_ci NULL DEFAULT NULL COMMENT '博客标题',
  `blog_content` text CHARACTER SET utf8 COLLATE utf8_general_ci NULL COMMENT '博客内容',
  `blog_type` varchar(32) CHARACTER SET utf8 COLLATE utf8_general_ci NULL DEFAULT NULL COMMENT '原创/转载',
  `blog_form` varchar(32) CHARACTER SET utf8 COLLATE utf8_general_ci NULL DEFAULT NULL COMMENT '公开/私密 /VIP可见',
  `blog_status` varchar(32) CHARACTER SET utf8 COLLATE utf8_general_ci NULL DEFAULT NULL COMMENT '正常 /已删除',
  `blog_like_num` int(11) NULL DEFAULT NULL COMMENT '喜欢数量',
  `blog_comments_num` int(11) NULL DEFAULT NULL COMMENT '评论数',
  `user_guid` varchar(32) CHARACTER SET utf8 COLLATE utf8_general_ci NULL DEFAULT NULL COMMENT '对应用户 对应用户',
  `create_time` datetime(0) NULL DEFAULT NULL COMMENT '创建时间',
  `update_time` datetime(0) NULL DEFAULT NULL COMMENT '修改时间',
  `deleted` int(11) NOT NULL DEFAULT 0 COMMENT '删除标识 0 未删除 1 已删除',
  `version` int(11) NOT NULL DEFAULT 1 COMMENT '乐观锁',
  PRIMARY KEY (`blog_guid`) USING BTREE
) ENGINE = InnoDB CHARACTER SET = utf8 COLLATE = utf8_general_ci COMMENT = '博客表 博客表' ROW_FORMAT = Dynamic;

-- ----------------------------
-- Records of b_blog
-- ----------------------------
INSERT INTO `b_blog` VALUES ('02e299fa67c8b03d699d5e2901e3132a', '测试乐观锁是否生效', '修改后的内容', NULL, NULL, NULL, NULL, NULL, NULL, '2020-11-28 12:14:48', NULL, 0, 2);
INSERT INTO `b_blog` VALUES ('1de20a25b21ae395079b8a4dd9acf495', '测试的标题', '修改后的内容', NULL, NULL, NULL, NULL, NULL, NULL, '2020-11-28 12:14:44', '2020-11-29 05:57:30', 0, 4);
INSERT INTO `b_blog` VALUES ('e5f835d49738a65dfd4fcc398d6f7a84', '测试乐观锁是否生效', '修改后的内容', NULL, NULL, NULL, NULL, NULL, NULL, '2020-11-28 12:14:51', NULL, 0, 1);

-- ----------------------------
-- Table structure for oauth_client_details
-- ----------------------------
DROP TABLE IF EXISTS `oauth_client_details`;
CREATE TABLE `oauth_client_details`  (
  `client_id` varchar(255) CHARACTER SET utf8 COLLATE utf8_general_ci NOT NULL COMMENT '客户端标 识',
  `resource_ids` varchar(255) CHARACTER SET utf8 COLLATE utf8_general_ci NULL DEFAULT NULL COMMENT '接入资源列表',
  `client_secret` varchar(255) CHARACTER SET utf8 COLLATE utf8_general_ci NULL DEFAULT NULL COMMENT '客户端秘钥',
  `scope` varchar(255) CHARACTER SET utf8 COLLATE utf8_general_ci NULL DEFAULT NULL,
  `authorized_grant_types` varchar(255) CHARACTER SET utf8 COLLATE utf8_general_ci NULL DEFAULT NULL,
  `web_server_redirect_uri` varchar(255) CHARACTER SET utf8 COLLATE utf8_general_ci NULL DEFAULT NULL,
  `authorities` varchar(255) CHARACTER SET utf8 COLLATE utf8_general_ci NULL DEFAULT NULL,
  `access_token_validity` int(11) NULL DEFAULT NULL,
  `refresh_token_validity` int(11) NULL DEFAULT NULL,
  `additional_information` longtext CHARACTER SET utf8 COLLATE utf8_general_ci NULL,
  `create_time` timestamp(0) NOT NULL DEFAULT CURRENT_TIMESTAMP(0) ON UPDATE CURRENT_TIMESTAMP(0),
  `archived` tinyint(4) NULL DEFAULT NULL,
  `trusted` tinyint(4) NULL DEFAULT NULL,
  `autoapprove` varchar(255) CHARACTER SET utf8 COLLATE utf8_general_ci NULL DEFAULT NULL,
  PRIMARY KEY (`client_id`) USING BTREE
) ENGINE = InnoDB CHARACTER SET = utf8 COLLATE = utf8_general_ci COMMENT = '接入客户端信息' ROW_FORMAT = Dynamic;

-- ----------------------------
-- Records of oauth_client_details
-- ----------------------------
INSERT INTO `oauth_client_details` VALUES ('blog', 'yk_blog', '$2a$10$C2Z7fTLwQWKwT/9SLx4QD.uMUX.ROaMSkEm1HaPNIn.1aeCSl3tRO', 'ROLE_ADMIN,ROLE_API', 'client_credentials,password,authorization_code,implicit,refresh_token', 'http://www.baidu.com', NULL, 7200, 259200, NULL, '2021-04-09 06:47:13', NULL, 0, NULL);
INSERT INTO `oauth_client_details` VALUES ('system', 'yk_system', '$2a$10$C2Z7fTLwQWKwT/9SLx4QD.uMUX.ROaMSkEm1HaPNIn.1aeCSl3tRO', 'ROLE_ADMIN,ROLE_API', 'client_credentials,password,authorization_code,implicit,refresh_token', 'http://www.baidu.com', NULL, 7200, 259200, NULL, '2021-04-02 07:44:02', NULL, 0, NULL);

-- ----------------------------
-- Table structure for oauth_code
-- ----------------------------
DROP TABLE IF EXISTS `oauth_code`;
CREATE TABLE `oauth_code`  (
  `create_time` timestamp(0) NOT NULL DEFAULT CURRENT_TIMESTAMP(0),
  `code` varchar(255) CHARACTER SET utf8 COLLATE utf8_general_ci NULL DEFAULT NULL,
  `authentication` blob NULL,
  INDEX `code_index`(`code`) USING BTREE
) ENGINE = InnoDB CHARACTER SET = utf8 COLLATE = utf8_general_ci ROW_FORMAT = Compact;

-- ----------------------------
-- Records of oauth_code
-- ----------------------------
INSERT INTO `oauth_code` VALUES ('2021-02-21 07:39:43', 'S531Mq', 0xACED0005737200416F72672E737072696E676672616D65776F726B2E73656375726974792E6F61757468322E70726F76696465722E4F417574683241757468656E7469636174696F6EBD400B02166252130200024C000D73746F7265645265717565737474003C4C6F72672F737072696E676672616D65776F726B2F73656375726974792F6F61757468322F70726F76696465722F4F4175746832526571756573743B4C00127573657241757468656E7469636174696F6E7400324C6F72672F737072696E676672616D65776F726B2F73656375726974792F636F72652F41757468656E7469636174696F6E3B787200476F72672E737072696E676672616D65776F726B2E73656375726974792E61757468656E7469636174696F6E2E416273747261637441757468656E7469636174696F6E546F6B656ED3AA287E6E47640E0200035A000D61757468656E746963617465644C000B617574686F7269746965737400164C6A6176612F7574696C2F436F6C6C656374696F6E3B4C000764657461696C737400124C6A6176612F6C616E672F4F626A6563743B787000737200266A6176612E7574696C2E436F6C6C656374696F6E7324556E6D6F6469666961626C654C697374FC0F2531B5EC8E100200014C00046C6973747400104C6A6176612F7574696C2F4C6973743B7872002C6A6176612E7574696C2E436F6C6C656374696F6E7324556E6D6F6469666961626C65436F6C6C656374696F6E19420080CB5EF71E0200014C00016371007E00047870737200136A6176612E7574696C2E41727261794C6973747881D21D99C7619D03000149000473697A65787000000001770400000001737200426F72672E737072696E676672616D65776F726B2E73656375726974792E636F72652E617574686F726974792E53696D706C654772616E746564417574686F7269747900000000000001FE0200014C0004726F6C657400124C6A6176612F6C616E672F537472696E673B787074000270327871007E000C707372003A6F72672E737072696E676672616D65776F726B2E73656375726974792E6F61757468322E70726F76696465722E4F41757468325265717565737400000000000000010200075A0008617070726F7665644C000B617574686F72697469657371007E00044C000A657874656E73696F6E7374000F4C6A6176612F7574696C2F4D61703B4C000B726564697265637455726971007E000E4C00077265667265736874003B4C6F72672F737072696E676672616D65776F726B2F73656375726974792F6F61757468322F70726F76696465722F546F6B656E526571756573743B4C000B7265736F7572636549647374000F4C6A6176612F7574696C2F5365743B4C000D726573706F6E7365547970657371007E0014787200386F72672E737072696E676672616D65776F726B2E73656375726974792E6F61757468322E70726F76696465722E426173655265717565737436287A3EA37169BD0200034C0008636C69656E74496471007E000E4C001172657175657374506172616D657465727371007E00124C000573636F706571007E00147870740002796B737200256A6176612E7574696C2E436F6C6C656374696F6E7324556E6D6F6469666961626C654D6170F1A5A8FE74F507420200014C00016D71007E00127870737200116A6176612E7574696C2E486173684D61700507DAC1C31660D103000246000A6C6F6164466163746F724900097468726573686F6C6478703F400000000000067708000000080000000474000D726573706F6E73655F74797065740004636F646574000C72656469726563745F757269740014687474703A2F2F7777772E62616964752E636F6D740009636C69656E745F696471007E001774000573636F706574000A524F4C455F41444D494E78737200256A6176612E7574696C2E436F6C6C656374696F6E7324556E6D6F6469666961626C65536574801D92D18F9B80550200007871007E0009737200176A6176612E7574696C2E4C696E6B656448617368536574D86CD75A95DD2A1E020000787200116A6176612E7574696C2E48617368536574BA44859596B8B7340300007870770C000000103F4000000000000171007E002278017371007E0026770C000000103F40000000000000787371007E001A3F400000000000007708000000100000000078740014687474703A2F2F7777772E62616964752E636F6D707371007E0026770C000000103F40000000000001740004626C6F67787371007E0026770C000000103F4000000000000171007E001D787372004F6F72672E737072696E676672616D65776F726B2E73656375726974792E61757468656E7469636174696F6E2E557365726E616D6550617373776F726441757468656E7469636174696F6E546F6B656E00000000000001FE0200024C000B63726564656E7469616C7371007E00054C00097072696E636970616C71007E00057871007E0003017371007E00077371007E000B0000000177040000000171007E000F7871007E0031737200486F72672E737072696E676672616D65776F726B2E73656375726974792E7765622E61757468656E7469636174696F6E2E57656241757468656E7469636174696F6E44657461696C7300000000000001FE0200024C000D72656D6F74654164647265737371007E000E4C000973657373696F6E496471007E000E787074000F303A303A303A303A303A303A303A31740020353646423331454136373131303143464533453035464644443038383039374170737200326F72672E737072696E676672616D65776F726B2E73656375726974792E636F72652E7573657264657461696C732E5573657200000000000001FE0200075A00116163636F756E744E6F6E457870697265645A00106163636F756E744E6F6E4C6F636B65645A001563726564656E7469616C734E6F6E457870697265645A0007656E61626C65644C000B617574686F72697469657371007E00144C000870617373776F726471007E000E4C0008757365726E616D6571007E000E7870010101017371007E0023737200116A6176612E7574696C2E54726565536574DD98509395ED875B0300007870737200466F72672E737072696E676672616D65776F726B2E73656375726974792E636F72652E7573657264657461696C732E5573657224417574686F72697479436F6D70617261746F7200000000000001FE020000787077040000000171007E000F787074000475736572);
INSERT INTO `oauth_code` VALUES ('2021-02-21 08:06:34', 'zeoHrW', 0xACED0005737200416F72672E737072696E676672616D65776F726B2E73656375726974792E6F61757468322E70726F76696465722E4F417574683241757468656E7469636174696F6EBD400B02166252130200024C000D73746F7265645265717565737474003C4C6F72672F737072696E676672616D65776F726B2F73656375726974792F6F61757468322F70726F76696465722F4F4175746832526571756573743B4C00127573657241757468656E7469636174696F6E7400324C6F72672F737072696E676672616D65776F726B2F73656375726974792F636F72652F41757468656E7469636174696F6E3B787200476F72672E737072696E676672616D65776F726B2E73656375726974792E61757468656E7469636174696F6E2E416273747261637441757468656E7469636174696F6E546F6B656ED3AA287E6E47640E0200035A000D61757468656E746963617465644C000B617574686F7269746965737400164C6A6176612F7574696C2F436F6C6C656374696F6E3B4C000764657461696C737400124C6A6176612F6C616E672F4F626A6563743B787000737200266A6176612E7574696C2E436F6C6C656374696F6E7324556E6D6F6469666961626C654C697374FC0F2531B5EC8E100200014C00046C6973747400104C6A6176612F7574696C2F4C6973743B7872002C6A6176612E7574696C2E436F6C6C656374696F6E7324556E6D6F6469666961626C65436F6C6C656374696F6E19420080CB5EF71E0200014C00016371007E00047870737200136A6176612E7574696C2E41727261794C6973747881D21D99C7619D03000149000473697A65787000000001770400000001737200426F72672E737072696E676672616D65776F726B2E73656375726974792E636F72652E617574686F726974792E53696D706C654772616E746564417574686F7269747900000000000001FE0200014C0004726F6C657400124C6A6176612F6C616E672F537472696E673B787074000270327871007E000C707372003A6F72672E737072696E676672616D65776F726B2E73656375726974792E6F61757468322E70726F76696465722E4F41757468325265717565737400000000000000010200075A0008617070726F7665644C000B617574686F72697469657371007E00044C000A657874656E73696F6E7374000F4C6A6176612F7574696C2F4D61703B4C000B726564697265637455726971007E000E4C00077265667265736874003B4C6F72672F737072696E676672616D65776F726B2F73656375726974792F6F61757468322F70726F76696465722F546F6B656E526571756573743B4C000B7265736F7572636549647374000F4C6A6176612F7574696C2F5365743B4C000D726573706F6E7365547970657371007E0014787200386F72672E737072696E676672616D65776F726B2E73656375726974792E6F61757468322E70726F76696465722E426173655265717565737436287A3EA37169BD0200034C0008636C69656E74496471007E000E4C001172657175657374506172616D657465727371007E00124C000573636F706571007E00147870740002796B737200256A6176612E7574696C2E436F6C6C656374696F6E7324556E6D6F6469666961626C654D6170F1A5A8FE74F507420200014C00016D71007E00127870737200116A6176612E7574696C2E486173684D61700507DAC1C31660D103000246000A6C6F6164466163746F724900097468726573686F6C6478703F400000000000067708000000080000000474000D726573706F6E73655F74797065740004636F646574000C72656469726563745F757269740014687474703A2F2F7777772E62616964752E636F6D740009636C69656E745F696471007E001774000573636F706574000A524F4C455F41444D494E78737200256A6176612E7574696C2E436F6C6C656374696F6E7324556E6D6F6469666961626C65536574801D92D18F9B80550200007871007E0009737200176A6176612E7574696C2E4C696E6B656448617368536574D86CD75A95DD2A1E020000787200116A6176612E7574696C2E48617368536574BA44859596B8B7340300007870770C000000103F4000000000000171007E002278017371007E0026770C000000103F40000000000000787371007E001A3F400000000000007708000000100000000078740014687474703A2F2F7777772E62616964752E636F6D707371007E0026770C000000103F40000000000001740004626C6F67787371007E0026770C000000103F4000000000000171007E001D787372004F6F72672E737072696E676672616D65776F726B2E73656375726974792E61757468656E7469636174696F6E2E557365726E616D6550617373776F726441757468656E7469636174696F6E546F6B656E00000000000001FE0200024C000B63726564656E7469616C7371007E00054C00097072696E636970616C71007E00057871007E0003017371007E00077371007E000B0000000177040000000171007E000F7871007E0031737200486F72672E737072696E676672616D65776F726B2E73656375726974792E7765622E61757468656E7469636174696F6E2E57656241757468656E7469636174696F6E44657461696C7300000000000001FE0200024C000D72656D6F74654164647265737371007E000E4C000973657373696F6E496471007E000E787074000F303A303A303A303A303A303A303A31740020353646423331454136373131303143464533453035464644443038383039374170737200326F72672E737072696E676672616D65776F726B2E73656375726974792E636F72652E7573657264657461696C732E5573657200000000000001FE0200075A00116163636F756E744E6F6E457870697265645A00106163636F756E744E6F6E4C6F636B65645A001563726564656E7469616C734E6F6E457870697265645A0007656E61626C65644C000B617574686F72697469657371007E00144C000870617373776F726471007E000E4C0008757365726E616D6571007E000E7870010101017371007E0023737200116A6176612E7574696C2E54726565536574DD98509395ED875B0300007870737200466F72672E737072696E676672616D65776F726B2E73656375726974792E636F72652E7573657264657461696C732E5573657224417574686F72697479436F6D70617261746F7200000000000001FE020000787077040000000171007E000F787074000475736572);
INSERT INTO `oauth_code` VALUES ('2021-03-23 12:30:05', 'gUw3Dk', 0xACED0005737200416F72672E737072696E676672616D65776F726B2E73656375726974792E6F61757468322E70726F76696465722E4F417574683241757468656E7469636174696F6EBD400B02166252130200024C000D73746F7265645265717565737474003C4C6F72672F737072696E676672616D65776F726B2F73656375726974792F6F61757468322F70726F76696465722F4F4175746832526571756573743B4C00127573657241757468656E7469636174696F6E7400324C6F72672F737072696E676672616D65776F726B2F73656375726974792F636F72652F41757468656E7469636174696F6E3B787200476F72672E737072696E676672616D65776F726B2E73656375726974792E61757468656E7469636174696F6E2E416273747261637441757468656E7469636174696F6E546F6B656ED3AA287E6E47640E0200035A000D61757468656E746963617465644C000B617574686F7269746965737400164C6A6176612F7574696C2F436F6C6C656374696F6E3B4C000764657461696C737400124C6A6176612F6C616E672F4F626A6563743B787000737200266A6176612E7574696C2E436F6C6C656374696F6E7324556E6D6F6469666961626C654C697374FC0F2531B5EC8E100200014C00046C6973747400104C6A6176612F7574696C2F4C6973743B7872002C6A6176612E7574696C2E436F6C6C656374696F6E7324556E6D6F6469666961626C65436F6C6C656374696F6E19420080CB5EF71E0200014C00016371007E00047870737200136A6176612E7574696C2E41727261794C6973747881D21D99C7619D03000149000473697A65787000000001770400000001737200426F72672E737072696E676672616D65776F726B2E73656375726974792E636F72652E617574686F726974792E53696D706C654772616E746564417574686F7269747900000000000002080200014C0004726F6C657400124C6A6176612F6C616E672F537472696E673B787074000270317871007E000C707372003A6F72672E737072696E676672616D65776F726B2E73656375726974792E6F61757468322E70726F76696465722E4F41757468325265717565737400000000000000010200075A0008617070726F7665644C000B617574686F72697469657371007E00044C000A657874656E73696F6E7374000F4C6A6176612F7574696C2F4D61703B4C000B726564697265637455726971007E000E4C00077265667265736874003B4C6F72672F737072696E676672616D65776F726B2F73656375726974792F6F61757468322F70726F76696465722F546F6B656E526571756573743B4C000B7265736F7572636549647374000F4C6A6176612F7574696C2F5365743B4C000D726573706F6E7365547970657371007E0014787200386F72672E737072696E676672616D65776F726B2E73656375726974792E6F61757468322E70726F76696465722E426173655265717565737436287A3EA37169BD0200034C0008636C69656E74496471007E000E4C001172657175657374506172616D657465727371007E00124C000573636F706571007E00147870740002796B737200256A6176612E7574696C2E436F6C6C656374696F6E7324556E6D6F6469666961626C654D6170F1A5A8FE74F507420200014C00016D71007E00127870737200116A6176612E7574696C2E486173684D61700507DAC1C31660D103000246000A6C6F6164466163746F724900097468726573686F6C6478703F400000000000067708000000080000000474000D726573706F6E73655F74797065740004636F646574000C72656469726563745F757269740014687474703A2F2F7777772E62616964752E636F6D740009636C69656E745F696471007E001774000573636F706574000A524F4C455F41444D494E78737200256A6176612E7574696C2E436F6C6C656374696F6E7324556E6D6F6469666961626C65536574801D92D18F9B80550200007871007E0009737200176A6176612E7574696C2E4C696E6B656448617368536574D86CD75A95DD2A1E020000787200116A6176612E7574696C2E48617368536574BA44859596B8B7340300007870770C000000103F4000000000000171007E002278017371007E0026770C000000103F40000000000000787371007E001A3F400000000000007708000000100000000078740014687474703A2F2F7777772E62616964752E636F6D707371007E0026770C000000103F40000000000001740004626C6F67787371007E0026770C000000103F4000000000000171007E001D787372004F6F72672E737072696E676672616D65776F726B2E73656375726974792E61757468656E7469636174696F6E2E557365726E616D6550617373776F726441757468656E7469636174696F6E546F6B656E00000000000002080200024C000B63726564656E7469616C7371007E00054C00097072696E636970616C71007E00057871007E0003017371007E00077371007E000B0000000177040000000171007E000F7871007E0031737200486F72672E737072696E676672616D65776F726B2E73656375726974792E7765622E61757468656E7469636174696F6E2E57656241757468656E7469636174696F6E44657461696C7300000000000002080200024C000D72656D6F74654164647265737371007E000E4C000973657373696F6E496471007E000E787074000F303A303A303A303A303A303A303A31740020333234333346353534334644363530413533464643354542363041414134453570737200326F72672E737072696E676672616D65776F726B2E73656375726974792E636F72652E7573657264657461696C732E5573657200000000000002080200075A00116163636F756E744E6F6E457870697265645A00106163636F756E744E6F6E4C6F636B65645A001563726564656E7469616C734E6F6E457870697265645A0007656E61626C65644C000B617574686F72697469657371007E00144C000870617373776F726471007E000E4C0008757365726E616D6571007E000E7870010101017371007E0023737200116A6176612E7574696C2E54726565536574DD98509395ED875B0300007870737200466F72672E737072696E676672616D65776F726B2E73656375726974792E636F72652E7573657264657461696C732E5573657224417574686F72697479436F6D70617261746F720000000000000208020000787077040000000171007E000F787074000561646D696E);

-- ----------------------------
-- Table structure for sys_permission
-- ----------------------------
DROP TABLE IF EXISTS `sys_permission`;
CREATE TABLE `sys_permission`  (
  `permission_guid` varchar(64) CHARACTER SET utf8 COLLATE utf8_unicode_ci NOT NULL COMMENT '权限id',
  `permission_name` varchar(32) CHARACTER SET utf8 COLLATE utf8_unicode_ci NULL DEFAULT NULL COMMENT '权限名',
  `permission_tag` varchar(32) CHARACTER SET utf8 COLLATE utf8_unicode_ci NULL DEFAULT NULL COMMENT '权限标识',
  `permission_description` varchar(64) CHARACTER SET utf8 COLLATE utf8_unicode_ci NULL DEFAULT NULL COMMENT '权限描述',
  `permission_url` varchar(64) CHARACTER SET utf8 COLLATE utf8_general_ci NULL DEFAULT NULL COMMENT '菜单地址',
  `permission_parent_guid` varchar(64) CHARACTER SET utf8 COLLATE utf8_general_ci NULL DEFAULT NULL COMMENT '父级菜单',
  `permission_enabled` int(1) NULL DEFAULT 1 COMMENT '是否启用 0 未启用 / 1启用',
  `permission_order` int(255) NULL DEFAULT NULL COMMENT '排序',
  `permission_iconCls` varchar(64) CHARACTER SET utf8 COLLATE utf8_general_ci NULL DEFAULT NULL COMMENT '菜单图标',
  `permission_grade` int(32) NULL DEFAULT NULL COMMENT '菜单等级 0为权限',
  `create_time` datetime(0) NULL DEFAULT NULL COMMENT '创建时间',
  `update_time` datetime(0) NULL DEFAULT NULL COMMENT '修改时间',
  `deleted` int(11) NULL DEFAULT 0 COMMENT '删除标识 0 未删除 1 已删除',
  `version` int(11) NULL DEFAULT 1 COMMENT '乐观锁',
  PRIMARY KEY (`permission_guid`) USING BTREE
) ENGINE = InnoDB CHARACTER SET = utf8 COLLATE = utf8_unicode_ci ROW_FORMAT = Compact;

-- ----------------------------
-- Records of sys_permission
-- ----------------------------
INSERT INTO `sys_permission` VALUES ('3001', '增加', 'insertd', '系统管理', NULL, '0', 1, 1, NULL, 1, NULL, NULL, 0, 1);
INSERT INTO `sys_permission` VALUES ('3002', '删除', 'deleted', '用户管理列表', '/user', '6', 1, 1, NULL, 2, NULL, NULL, 0, 1);
INSERT INTO `sys_permission` VALUES ('3003', '修改', 'updated', '角色管理', '/role', '6', 1, 2, NULL, 2, NULL, NULL, 0, 1);
INSERT INTO `sys_permission` VALUES ('3004', '查询', 'selectd', '权限管理列表', '/psermission', '6', 1, 3, NULL, 2, NULL, NULL, 0, 1);

-- ----------------------------
-- Table structure for sys_role
-- ----------------------------
DROP TABLE IF EXISTS `sys_role`;
CREATE TABLE `sys_role`  (
  `role_guid` varchar(32) CHARACTER SET utf8 COLLATE utf8_unicode_ci NOT NULL COMMENT '角色主键',
  `role_name` varchar(32) CHARACTER SET utf8 COLLATE utf8_unicode_ci NULL DEFAULT NULL COMMENT '角色名',
  `create_time` datetime(0) NULL DEFAULT NULL COMMENT '创建时间',
  `update_time` datetime(0) NULL DEFAULT NULL COMMENT '修改时间',
  `deleted` int(11) NULL DEFAULT 0 COMMENT '删除标识 0 未删除 1 已删除',
  `version` int(11) NULL DEFAULT 1 COMMENT '乐观锁',
  PRIMARY KEY (`role_guid`) USING BTREE
) ENGINE = InnoDB CHARACTER SET = utf8 COLLATE = utf8_unicode_ci ROW_FORMAT = Compact;

-- ----------------------------
-- Records of sys_role
-- ----------------------------
INSERT INTO `sys_role` VALUES ('2001', 'admin', NULL, NULL, 0, 1);
INSERT INTO `sys_role` VALUES ('2002', 'user', NULL, NULL, 0, 1);

-- ----------------------------
-- Table structure for sys_role_permission
-- ----------------------------
DROP TABLE IF EXISTS `sys_role_permission`;
CREATE TABLE `sys_role_permission`  (
  `role_guid` varchar(64) CHARACTER SET utf8 COLLATE utf8_unicode_ci NULL DEFAULT NULL COMMENT '角色主键',
  `permission_guid` varchar(64) CHARACTER SET utf8 COLLATE utf8_unicode_ci NULL DEFAULT NULL COMMENT '权限主键'
) ENGINE = InnoDB CHARACTER SET = utf8 COLLATE = utf8_unicode_ci ROW_FORMAT = Compact;

-- ----------------------------
-- Records of sys_role_permission
-- ----------------------------
INSERT INTO `sys_role_permission` VALUES ('2001', '3002');
INSERT INTO `sys_role_permission` VALUES ('2001', '3003');
INSERT INTO `sys_role_permission` VALUES ('2001', '3001');
INSERT INTO `sys_role_permission` VALUES ('2001', '3004');
INSERT INTO `sys_role_permission` VALUES ('2002', '3004');

-- ----------------------------
-- Table structure for sys_user
-- ----------------------------
DROP TABLE IF EXISTS `sys_user`;
CREATE TABLE `sys_user`  (
  `user_guid` varchar(64) CHARACTER SET utf8 COLLATE utf8_unicode_ci NOT NULL COMMENT '用户主键',
  `user_name` varchar(16) CHARACTER SET utf8 COLLATE utf8_unicode_ci NULL DEFAULT NULL COMMENT '用户名',
  `user_birthday` date NULL DEFAULT NULL COMMENT '生日',
  `user_phone` varchar(11) CHARACTER SET utf8 COLLATE utf8_unicode_ci NULL DEFAULT NULL COMMENT '手机',
  `user_pwd` varchar(64) CHARACTER SET utf8 COLLATE utf8_unicode_ci NULL DEFAULT NULL COMMENT '密码',
  `user_email` varchar(32) CHARACTER SET utf8 COLLATE utf8_unicode_ci NULL DEFAULT NULL COMMENT '邮箱',
  `user_img_url` varchar(64) CHARACTER SET utf8 COLLATE utf8_unicode_ci NULL DEFAULT NULL COMMENT '头像',
  `user_sex` int(255) NULL DEFAULT NULL COMMENT '性别 0 男 1 女',
  `user_status` int(255) NULL DEFAULT NULL COMMENT '状态',
  `user_create_time` timestamp(0) NULL DEFAULT NULL COMMENT '创建时间',
  `user_last_login_time` timestamp(0) NULL DEFAULT NULL COMMENT '最后登录时间',
  `user_enabled` int(5) NOT NULL COMMENT '是否禁用',
  `user_account_non_expired` int(5) NULL DEFAULT NULL COMMENT '是否过期',
  `user_account_non_locked` int(5) NULL DEFAULT NULL COMMENT '是否锁定',
  `user_credentials_non_expired` int(5) NULL DEFAULT NULL COMMENT '证书是否过期',
  `user_token` varchar(120) CHARACTER SET utf8 COLLATE utf8_unicode_ci NULL DEFAULT NULL COMMENT '用户token',
  `create_time` datetime(0) NULL DEFAULT NULL COMMENT '创建时间',
  `update_time` datetime(0) NULL DEFAULT NULL COMMENT '修改时间',
  `deleted` int(11) NULL DEFAULT 0 COMMENT '删除标识 0 未删除 1 已删除',
  `version` int(11) NULL DEFAULT 1 COMMENT '乐观锁',
  PRIMARY KEY (`user_guid`) USING BTREE
) ENGINE = InnoDB CHARACTER SET = utf8 COLLATE = utf8_unicode_ci ROW_FORMAT = Compact;

-- ----------------------------
-- Records of sys_user
-- ----------------------------
INSERT INTO `sys_user` VALUES ('10001', 'admin', '1997-12-26', '18300667939', '$2a$10$3nPCTZQdYlYuf9klcVLB2uueupNkSAFBXvlL2ZHHLe1TYEolImzlO', 'open3710@163.com', NULL, 0, 1, '2020-02-29 12:29:50', '2020-02-29 12:29:56', 1, NULL, NULL, NULL, NULL, NULL, NULL, 0, NULL);
INSERT INTO `sys_user` VALUES ('10002', 'user', '1997-12-26', '18300667939', '$2a$10$3nPCTZQdYlYuf9klcVLB2uueupNkSAFBXvlL2ZHHLe1TYEolImzlO', 'open3710@163.com', NULL, 0, 1, '2020-02-29 12:29:50', '2020-02-29 12:29:56', 1, NULL, NULL, NULL, NULL, NULL, NULL, 0, NULL);

-- ----------------------------
-- Table structure for sys_user_role
-- ----------------------------
DROP TABLE IF EXISTS `sys_user_role`;
CREATE TABLE `sys_user_role`  (
  `user_guid` varchar(64) CHARACTER SET utf8 COLLATE utf8_unicode_ci NULL DEFAULT NULL COMMENT '用户主键',
  `role_guid` varchar(64) CHARACTER SET utf8 COLLATE utf8_unicode_ci NULL DEFAULT NULL COMMENT '角色主键'
) ENGINE = InnoDB CHARACTER SET = utf8 COLLATE = utf8_unicode_ci ROW_FORMAT = Compact;

-- ----------------------------
-- Records of sys_user_role
-- ----------------------------
INSERT INTO `sys_user_role` VALUES ('10001', '2001');
INSERT INTO `sys_user_role` VALUES ('10001', '2002');
INSERT INTO `sys_user_role` VALUES ('10002', '2002');

SET FOREIGN_KEY_CHECKS = 1;
